{"cameraMode":{"drawMode":0,"name":"Shaded","section":"Shading Mode"},"sceneLighting":true,"audioPlay":false,"sceneViewState":{"m_AlwaysRefresh":false,"showFog":true,"showSkybox":true,"showFlares":true,"showImageEffects":true,"showParticleSystems":true,"showVisualEffectGraphs":true,"m_FxEnabled":true},"in2DMode":false,"pivot":{"x":0.032651178538799289,"y":-1.5351285934448243,"z":0.41289159655570986},"rotation":{"x":0.05510914698243141,"y":0.04401608929038048,"z":0.0024307998828589918,"w":-0.9975159764289856},"size":0.6850497722625732,"orthographic":false}